{
  "AFG": 86.989375,
  "ALB": 59.0475,
  "ASM": 90.8865,
  "AND": 107.758,
  "AGO": 46.35185714285715,
  "ATA": 140.45325000000003,
  "ATG": 33.909,
  "ARG": 89.85985714285718,
  "AUT": 69.554935483871,
  "AUS": 56.90656000000001,
  "AZE": 114.32549999999999,
  "BGD": 93.24300000000001,
  "BLR": 200.391,
  "BEL": 87.18552459016392,
  "BLZ": 76.429,
  "BEN": 106.297,
  "BTN": 88.128,
  "BOL": 82.09533333333333,
  "BIH": 86.78049999999999,
  "BWA": 67.9135,
  "BRN": 109.98599999999999,
  "BRA": 55.714745,
  "BGR": 86.6306875,
  "BDI": 52.785,
  "CPV": 115.459,
  "TCD": 80.27879999999999,
  "CAN": 46.21081,
  "CHL": 95.11654545454546,
  "CXR": 92.72399999999999,
  "CHN": 72.85716560509556,
  "COL": 94.69168571428571,
  "COG": 81.236,
  "CRI": 97.53,
  "COK": 79.437,
  "CUB": 204.8,
  "HRV": 100.12954545454544,
  "CYP": 72.1495,
  "CZE": 106.49864705882352,
  "DJI": 58.852,
  "DNK": 78.81398214285717,
  "DOM": 66.35974999999999,
  "ECU": 62.55539999999999,
  "EGY": 46.486999999999995,
  "EST": 92.40392000000001,
  "FRO": 89.935,
  "FJI": 40.706,
  "FIN": 90.20819298245615,
  "SLV": 92.2515,
  "FRA": 78.0640843373494,
  "GEO": 124.20700000000001,
  "GIB": 151.602,
  "DEU": 81.77100000000002,
  "GRC": 71.6808125,
  "GRD": 40.111,
  "GUM": 95.82050000000001,
  "GTM": 116.9185,
  "GUY": 30.107,
  "HMD": 31.719,
  "VAT": 64.93266666666666,
  "HND": 95.91125,
  "HUN": 80.40952941176471,
  "HKG": 71.21350000000001,
  "ISL": 100.4922,
  "IND": 98.15128571428572,
  "IRN": 52.7115,
  "IDN": 83.32628,
  "IRL": 83.37914285714287,
  "ISR": 78.72283333333333,
  "IMN": 37.143899999999995,
  "ITA": 98.20725396825395,
  "JAM": 111.658,
  "JOR": 68.166,
  "KAZ": 69.083,
  "JPN": 63.2427967032967,
  "PRK": 66.00083333333333,
  "KGZ": 140.4,
  "LVA": 122.38574999999999,
  "KOR": 41.849270000000004,
  "LTU": 83.05955555555556,
  "LUX": 46.01533333333333,
  "MDG": 224.916,
  "MYS": 63.473867346938775,
  "MLT": 96.04066666666667,
  "MTQ": 39.534,
  "MUS": 119.41499999999999,
  "FSM": 57.459999999999994,
  "MAC": 99.7745,
  "MEX": 73.16583333333331,
  "MNG": 103.75592307692308,
  "MNE": 62.0075,
  "MSR": 99.32953571428573,
  "MAR": 87.20528571428571,
  "MOZ": 53.019,
  "MMR": 60.696,
  "NPL": 156.666,
  "NCL": 73.35666666666667,
  "NLD": 81.11741758241759,
  "NZL": 83.96426829268293,
  "NIC": 32.66,
  "NER": 154.3515,
  "NGA": 52.104,
  "NFK": 62.354,
  "NOR": 65.62107843137257,
  "PSE": 107.63300000000001,
  "PAN": 78.384,
  "PER": 127.00623076923077,
  "POL": 95.81728260869563,
  "PHL": 72.211305,
  "PRI": 104.18785714285714,
  "PRT": 122.99689285714284,
  "QAT": 37.637,
  "MKD": 85.06666666666666,
  "ROU": 84.32817647058825,
  "RUS": 97.26152112676053,
  "REU": 108.95,
  "BLM": 23.996,
  "SHN": 79.467,
  "SMR": 39.332,
  "SAU": 83.94266666666667,
  "SYC": 69.53200000000001,
  "SRB": 110.31246153846155,
  "SVN": 69.976,
  "SVK": 130.727,
  "SGP": 72.21885039370079,
  "SOM": 77.379,
  "ZAF": 83.28615384615385,
  "SGS": 48.537,
  "SSD": 120.852,
  "LKA": 99.9745,
  "ESP": 94.81620253164554,
  "CHE": 86.18433333333333,
  "SWE": 77.38805633802814,
  "SYR": 76.36149999999999,
  "TWN": 62.1777448275862,
  "THA": 85.78525000000002,
  "TTO": 88.97399999999999,
  "TUR": 90.40865384615384,
  "UGA": 107.50999999999999,
  "UKR": 120.78375,
  "ARE": 97.92213333333333,
  "UMI": 120.6589,
  "URY": 83.179,
  "UZB": 64.417,
  "VUT": 38.998000000000005,
  "GBR": 70.04984499999998,
  "VEN": 133.99342857142855,
  "VGB": 80.7085,
  "VIR": 82.249,
  "VNM": 73.0015,
  "ZMB": 76.632,
  "ZWE": 94.6865,
  "ALA": 62.222500000000004,
  "USA": 30.221555
}