{
  "AFG": 27.078,
  "ALB": 36.039,
  "ASM": 30.126,
  "AND": 57.202,
  "AGO": 26.629,
  "ATA": 25.126,
  "ATG": 33.909,
  "ARG": 25.738,
  "AUT": 31.108,
  "AUS": 20.671,
  "AZE": 66.035,
  "BGD": 36.173,
  "BLR": 200.391,
  "BEL": 25.726,
  "BLZ": 29.946,
  "BEN": 106.297,
  "BTN": 88.128,
  "BOL": 65.279,
  "BIH": 38.178,
  "BWA": 43.757,
  "BRN": 68.931,
  "BRA": 17.977,
  "BGR": 38.047,
  "BDI": 52.785,
  "CPV": 115.459,
  "TCD": 37.208,
  "CAN": 16.954,
  "CHL": 28.705,
  "CXR": 92.72399999999999,
  "CHN": 23.655,
  "COL": 29.256,
  "COG": 81.236,
  "CRI": 48.117,
  "COK": 79.437,
  "CUB": 204.8,
  "HRV": 24.104,
  "CYP": 43.885,
  "CZE": 30.413,
  "DJI": 58.852,
  "DNK": 18.984,
  "DOM": 48.252,
  "ECU": 51.368,
  "EGY": 37.727,
  "EST": 31.226,
  "FRO": 89.935,
  "FJI": 40.706,
  "FIN": 23.625,
  "SLV": 38.762,
  "FRA": 22.073,
  "GEO": 47.61,
  "GIB": 151.602,
  "DEU": 24.79,
  "GRC": 31.98,
  "GRD": 40.111,
  "GUM": 62.769,
  "GTM": 59.069,
  "GUY": 30.107,
  "HMD": 31.719,
  "VAT": 43.771,
  "HND": 52.765,
  "HUN": 40.535,
  "HKG": 20.636,
  "ISL": 46.057,
  "IND": 36.28,
  "IRN": 30.874,
  "IDN": 26.735,
  "IRL": 19.456,
  "ISR": 33.885,
  "IMN": 17.869,
  "ITA": 30.042,
  "JAM": 111.658,
  "JOR": 68.166,
  "KAZ": 33.432,
  "JPN": 20.606,
  "PRK": 26.149,
  "KGZ": 140.4,
  "LVA": 53.518,
  "KOR": 18.142,
  "LTU": 47.436,
  "LUX": 37.574,
  "MDG": 224.916,
  "MYS": 17.097,
  "MLT": 62.625,
  "MTQ": 39.534,
  "MUS": 119.41499999999999,
  "FSM": 42.189,
  "MAC": 67.457,
  "MEX": 25.578,
  "MNG": 33.776,
  "MNE": 45.539,
  "MSR": 42.573,
  "MAR": 53.809,
  "MOZ": 53.019,
  "MMR": 60.696,
  "NPL": 156.666,
  "NCL": 28.311,
  "NLD": 27.297,
  "NZL": 17.26,
  "NIC": 32.66,
  "NER": 138.305,
  "NGA": 52.104,
  "NFK": 62.354,
  "NOR": 17.88,
  "PSE": 107.63300000000001,
  "PAN": 65.149,
  "PER": 20.355,
  "POL": 24.757,
  "PHL": 15.654,
  "PRI": 44.636,
  "PRT": 34.779,
  "QAT": 32.985,
  "MKD": 52.251,
  "ROU": 31.269,
  "RUS": 34.374,
  "REU": 108.95,
  "BLM": 23.996,
  "SHN": 79.467,
  "SMR": 39.332,
  "SAU": 34.007,
  "SYC": 45.425,
  "SRB": 33.274,
  "SVN": 49.945,
  "SVK": 58.164,
  "SGP": 23.449,
  "SOM": 77.379,
  "ZAF": 30.01,
  "SGS": 40.541,
  "SSD": 120.852,
  "LKA": 56.113,
  "ESP": 27.767,
  "CHE": 23.517,
  "SWE": 21.281,
  "SYR": 55.909,
  "TWN": 17.667,
  "THA": 22.71,
  "TTO": 85.414,
  "TUR": 36.182,
  "UGA": 107.50999999999999,
  "UKR": 57.315,
  "ARE": 44.521,
  "UMI": 76.013,
  "URY": 58.449,
  "UZB": 61.556,
  "VUT": 34.393,
  "GBR": 20.492,
  "VEN": 58.775,
  "VGB": 39.164,
  "VIR": 82.249,
  "VNM": 22.256,
  "ZMB": 76.632,
  "ZWE": 43.156,
  "ALA": 33.081,
  "USA": 18.413
}