{
  "AFG": 48.070800000000006,
  "ALB": 59.0475,
  "ASM": 90.8865,
  "AND": 107.758,
  "AGO": 43.7594,
  "ATA": 32.6356,
  "ATG": 33.909,
  "ARG": 28.538600000000002,
  "AUT": 35.2326,
  "AUS": 23.8558,
  "AZE": 114.32549999999999,
  "BGD": 93.24300000000001,
  "BLR": 200.391,
  "BEL": 30.4628,
  "BLZ": 76.429,
  "BEN": 106.297,
  "BTN": 88.128,
  "BOL": 82.09533333333333,
  "BIH": 86.78049999999999,
  "BWA": 67.9135,
  "BRN": 109.98599999999999,
  "BRA": 21.228800000000003,
  "BGR": 39.9992,
  "BDI": 52.785,
  "CPV": 115.459,
  "TCD": 80.27879999999999,
  "CAN": 22.0624,
  "CHL": 34.155,
  "CXR": 92.72399999999999,
  "CHN": 25.939,
  "COL": 36.4658,
  "COG": 81.236,
  "CRI": 97.53,
  "COK": 79.437,
  "CUB": 204.8,
  "HRV": 35.072199999999995,
  "CYP": 72.1495,
  "CZE": 38.218,
  "DJI": 58.852,
  "DNK": 26.372,
  "DOM": 66.35974999999999,
  "ECU": 62.55539999999999,
  "EGY": 46.486999999999995,
  "EST": 46.283,
  "FRO": 89.935,
  "FJI": 40.706,
  "FIN": 32.214,
  "SLV": 92.2515,
  "FRA": 26.001799999999996,
  "GEO": 124.20700000000001,
  "GIB": 151.602,
  "DEU": 25.4316,
  "GRC": 43.136,
  "GRD": 40.111,
  "GUM": 95.82050000000001,
  "GTM": 116.9185,
  "GUY": 30.107,
  "HMD": 31.719,
  "VAT": 64.93266666666666,
  "HND": 95.91125,
  "HUN": 46.745,
  "HKG": 25.4172,
  "ISL": 100.4922,
  "IND": 51.5314,
  "IRN": 52.7115,
  "IDN": 29.6786,
  "IRL": 35.251999999999995,
  "ISR": 40.272,
  "IMN": 21.0538,
  "ITA": 34.720400000000005,
  "JAM": 111.658,
  "JOR": 68.166,
  "KAZ": 69.083,
  "JPN": 23.2476,
  "PRK": 32.4542,
  "KGZ": 140.4,
  "LVA": 83.343,
  "KOR": 20.2374,
  "LTU": 59.3156,
  "LUX": 46.01533333333333,
  "MDG": 224.916,
  "MYS": 22.988599999999998,
  "MLT": 96.04066666666667,
  "MTQ": 39.534,
  "MUS": 119.41499999999999,
  "FSM": 57.459999999999994,
  "MAC": 99.7745,
  "MEX": 28.6906,
  "MNG": 58.7312,
  "MNE": 62.0075,
  "MSR": 54.120400000000004,
  "MAR": 74.46239999999999,
  "MOZ": 53.019,
  "MMR": 60.696,
  "NPL": 156.666,
  "NCL": 73.35666666666667,
  "NLD": 35.9726,
  "NZL": 22.6714,
  "NIC": 32.66,
  "NER": 154.3515,
  "NGA": 52.104,
  "NFK": 62.354,
  "NOR": 26.084799999999998,
  "PSE": 107.63300000000001,
  "PAN": 78.384,
  "PER": 52.5774,
  "POL": 30.088200000000004,
  "PHL": 22.4784,
  "PRI": 82.51320000000001,
  "PRT": 41.061400000000006,
  "QAT": 37.637,
  "MKD": 85.06666666666666,
  "ROU": 40.9122,
  "RUS": 37.272800000000004,
  "REU": 108.95,
  "BLM": 23.996,
  "SHN": 79.467,
  "SMR": 39.332,
  "SAU": 71.9036,
  "SYC": 69.53200000000001,
  "SRB": 44.314,
  "SVN": 60.5044,
  "SVK": 88.2786,
  "SGP": 25.9896,
  "SOM": 77.379,
  "ZAF": 48.4698,
  "SGS": 48.537,
  "SSD": 120.852,
  "LKA": 99.9745,
  "ESP": 33.7826,
  "CHE": 45.616,
  "SWE": 29.4806,
  "SYR": 76.36149999999999,
  "TWN": 22.0514,
  "THA": 33.657399999999996,
  "TTO": 88.97399999999999,
  "TUR": 42.4308,
  "UGA": 107.50999999999999,
  "UKR": 102.9932,
  "ARE": 50.229200000000006,
  "UMI": 82.0192,
  "URY": 69.53659999999999,
  "UZB": 64.417,
  "VUT": 38.998000000000005,
  "GBR": 22.750999999999998,
  "VEN": 95.5172,
  "VGB": 80.7085,
  "VIR": 82.249,
  "VNM": 28.345399999999998,
  "ZMB": 76.632,
  "ZWE": 94.6865,
  "ALA": 62.222500000000004,
  "USA": 19.638799999999996
}